Run,N,Block Size,Num Threads,Sequential Time,Threadpool Time,Rayon Time
1,1000,50,2,1.76426977s,907.893861ms,902.508624ms
2,1000,50,2,1.726019914s,913.369748ms,1.008024586s
3,1000,50,2,1.710468828s,939.502552ms,973.702185ms
4,1000,50,2,1.709482242s,981.161752ms,972.136414ms
5,1000,50,2,1.846074688s,1.009751623s,971.198302ms
6,1000,50,2,1.791011459s,972.407921ms,1.005940709s
7,1000,50,2,1.814083155s,954.899714ms,1.043963496s
8,1000,50,2,1.854614761s,998.868272ms,954.566752ms
9,1000,50,2,1.753314392s,1.010874755s,953.735329ms
10,1000,50,2,1.750668267s,970.05555ms,965.16074ms
11,1000,50,2,1.776776325s,940.805987ms,973.014141ms
12,1000,50,2,1.752504153s,925.94349ms,1.059456926s
13,1000,50,2,1.727717174s,940.100522ms,945.403162ms
14,1000,50,2,1.716172552s,972.241132ms,995.5581ms
15,1000,50,2,1.711792345s,990.607683ms,1.028920843s
16,1000,50,2,1.714742503s,998.804776ms,972.21308ms
17,1000,50,2,1.755441527s,1.000344745s,996.169307ms
18,1000,50,2,1.747890085s,1.063791104s,1.061902562s
19,1000,50,2,1.846822597s,1.009032834s,1.00877181s
20,1000,50,2,1.860740923s,978.609089ms,1.043907503s
21,1000,50,2,1.743580591s,943.318591ms,965.788721ms
22,1000,50,2,1.768537651s,971.389364ms,985.525813ms
23,1000,50,2,1.765619226s,984.511599ms,983.476038ms
24,1000,50,2,1.799521922s,968.134121ms,1.166792579s
25,1000,50,2,1.741274983s,961.701088ms,989.355519ms
26,1000,50,2,1.736542617s,955.399665ms,981.591711ms
27,1000,50,2,1.743469747s,943.397593ms,988.30096ms
28,1000,50,2,1.723481847s,956.172419ms,1.01258065s
29,1000,50,2,1.712111691s,947.425567ms,1.00638743s
30,1000,50,2,1.71494774s,948.090859ms,935.338448ms
31,1000,50,2,1.718948673s,976.098318ms,972.640728ms
32,1000,50,2,1.702692667s,1.006801578s,1.031231845s
33,1000,50,2,1.732800909s,939.400593ms,1.000401594s
34,1000,50,2,1.755219354s,943.61895ms,1.004568991s
35,1000,50,2,1.708476485s,983.312579ms,973.834002ms
36,1000,50,2,1.727966458s,956.410318ms,1.048190636s
37,1000,50,2,1.729289781s,979.408749ms,971.641438ms
38,1000,50,2,1.767577751s,939.528685ms,976.795426ms
39,1000,50,2,1.777490003s,980.329256ms,974.960103ms
40,1000,50,2,1.72104024s,911.354213ms,1.013620466s
41,1000,50,2,1.714734603s,971.041542ms,1.005946692s
42,1000,50,2,1.743981694s,952.485248ms,1.003933853s
43,1000,50,2,1.729555934s,987.127864ms,974.727416ms
44,1000,50,2,1.736285007s,926.322989ms,989.013106ms
45,1000,50,2,1.715796814s,953.991646ms,989.117887ms
46,1000,50,2,1.723548566s,991.969446ms,970.484659ms
47,1000,50,2,1.71131308s,910.100218ms,1.01842587s
48,1000,50,2,1.706639399s,950.757915ms,979.262603ms
49,1000,50,2,1.71602226s,973.210722ms,941.230619ms
50,1000,50,2,1.693469209s,959.823193ms,957.95972ms
51,1000,50,4,1.76426977s,710.820269ms,761.736571ms
52,1000,50,4,1.726019914s,670.383281ms,701.969069ms
53,1000,50,4,1.710468828s,676.449027ms,969.717525ms
54,1000,50,4,1.709482242s,704.955956ms,721.389662ms
55,1000,50,4,1.846074688s,684.624565ms,628.548716ms
56,1000,50,4,1.791011459s,623.256871ms,730.508051ms
57,1000,50,4,1.814083155s,658.832807ms,634.847795ms
58,1000,50,4,1.854614761s,651.629301ms,668.500682ms
59,1000,50,4,1.753314392s,693.878164ms,657.139234ms
60,1000,50,4,1.750668267s,673.005284ms,640.256304ms
61,1000,50,4,1.776776325s,732.202715ms,760.929672ms
62,1000,50,4,1.752504153s,702.961425ms,720.971169ms
63,1000,50,4,1.727717174s,648.763816ms,620.95773ms
64,1000,50,4,1.716172552s,703.795882ms,618.819868ms
65,1000,50,4,1.711792345s,687.663248ms,687.893343ms
66,1000,50,4,1.714742503s,721.284641ms,635.016242ms
67,1000,50,4,1.755441527s,658.335243ms,671.377918ms
68,1000,50,4,1.747890085s,663.675792ms,653.315663ms
69,1000,50,4,1.846822597s,701.758238ms,650.542493ms
70,1000,50,4,1.860740923s,648.968357ms,687.997824ms
71,1000,50,4,1.743580591s,699.435711ms,628.896042ms
72,1000,50,4,1.768537651s,656.213203ms,641.302343ms
73,1000,50,4,1.765619226s,681.436542ms,670.839498ms
74,1000,50,4,1.799521922s,642.673875ms,684.240758ms
75,1000,50,4,1.741274983s,936.979178ms,621.055138ms
76,1000,50,4,1.736542617s,727.093588ms,804.728688ms
77,1000,50,4,1.743469747s,654.301358ms,850.886953ms
78,1000,50,4,1.723481847s,676.578175ms,643.416769ms
79,1000,50,4,1.712111691s,666.451447ms,616.394114ms
80,1000,50,4,1.71494774s,667.752093ms,647.026286ms
81,1000,50,4,1.718948673s,697.533303ms,682.131756ms
82,1000,50,4,1.702692667s,726.140991ms,683.543746ms
83,1000,50,4,1.732800909s,704.407226ms,685.209696ms
84,1000,50,4,1.755219354s,700.924528ms,708.665688ms
85,1000,50,4,1.708476485s,694.624134ms,717.69429ms
86,1000,50,4,1.727966458s,686.122529ms,699.29205ms
87,1000,50,4,1.729289781s,679.735888ms,705.833858ms
88,1000,50,4,1.767577751s,680.995567ms,612.555157ms
89,1000,50,4,1.777490003s,677.591046ms,688.120925ms
90,1000,50,4,1.72104024s,668.600911ms,651.033509ms
91,1000,50,4,1.714734603s,676.658841ms,737.54691ms
92,1000,50,4,1.743981694s,706.659971ms,717.853416ms
93,1000,50,4,1.729555934s,686.7564ms,626.36187ms
94,1000,50,4,1.736285007s,688.000178ms,694.351586ms
95,1000,50,4,1.715796814s,664.997663ms,713.566182ms
96,1000,50,4,1.723548566s,685.580628ms,703.866478ms
97,1000,50,4,1.71131308s,677.740214ms,673.591963ms
98,1000,50,4,1.706639399s,703.008349ms,692.557772ms
99,1000,50,4,1.71602226s,717.614314ms,673.619144ms
100,1000,50,4,1.693469209s,693.132845ms,705.270242ms
101,1000,50,8,1.76426977s,727.962843ms,802.757425ms
102,1000,50,8,1.726019914s,719.227458ms,593.370203ms
103,1000,50,8,1.710468828s,653.598995ms,628.382275ms
104,1000,50,8,1.709482242s,686.958746ms,667.551924ms
105,1000,50,8,1.846074688s,711.716657ms,757.485037ms
106,1000,50,8,1.791011459s,692.567337ms,683.474002ms
107,1000,50,8,1.814083155s,662.977905ms,634.006101ms
108,1000,50,8,1.854614761s,674.505424ms,670.829321ms
109,1000,50,8,1.753314392s,707.014437ms,638.235736ms
110,1000,50,8,1.750668267s,666.465457ms,649.439863ms
111,1000,50,8,1.776776325s,653.892452ms,670.045269ms
112,1000,50,8,1.752504153s,693.236367ms,594.439311ms
113,1000,50,8,1.727717174s,673.94208ms,660.734772ms
114,1000,50,8,1.716172552s,849.538955ms,660.480451ms
115,1000,50,8,1.711792345s,659.553236ms,798.006645ms
116,1000,50,8,1.714742503s,666.535225ms,602.113971ms
117,1000,50,8,1.755441527s,728.162686ms,637.825645ms
118,1000,50,8,1.747890085s,704.465628ms,721.3465ms
119,1000,50,8,1.846822597s,654.728423ms,625.317605ms
120,1000,50,8,1.860740923s,693.432045ms,690.771376ms
121,1000,50,8,1.743580591s,739.331132ms,637.53615ms
122,1000,50,8,1.768537651s,683.864371ms,603.838026ms
123,1000,50,8,1.765619226s,718.925224ms,682.063059ms
124,1000,50,8,1.799521922s,643.812671ms,630.923211ms
125,1000,50,8,1.741274983s,679.581879ms,705.774125ms
126,1000,50,8,1.736542617s,695.178604ms,705.261383ms
127,1000,50,8,1.743469747s,688.697769ms,582.097684ms
128,1000,50,8,1.723481847s,653.625584ms,711.201962ms
129,1000,50,8,1.712111691s,646.844335ms,652.981971ms
130,1000,50,8,1.71494774s,702.312823ms,602.790299ms
131,1000,50,8,1.718948673s,642.83736ms,664.358116ms
132,1000,50,8,1.702692667s,659.441224ms,649.500895ms
133,1000,50,8,1.732800909s,711.219835ms,654.532264ms
134,1000,50,8,1.755219354s,672.011893ms,700.18072ms
135,1000,50,8,1.708476485s,693.664089ms,614.342335ms
136,1000,50,8,1.727966458s,675.03302ms,599.911544ms
137,1000,50,8,1.729289781s,647.876122ms,644.464396ms
138,1000,50,8,1.767577751s,745.862656ms,621.562293ms
139,1000,50,8,1.777490003s,678.379606ms,616.973034ms
140,1000,50,8,1.72104024s,717.380494ms,746.282926ms
141,1000,50,8,1.714734603s,663.744473ms,589.533822ms
142,1000,50,8,1.743981694s,661.343984ms,611.147712ms
143,1000,50,8,1.729555934s,691.197438ms,624.907563ms
144,1000,50,8,1.736285007s,676.487696ms,619.165662ms
145,1000,50,8,1.715796814s,680.537148ms,670.326109ms
146,1000,50,8,1.723548566s,667.058011ms,673.419257ms
147,1000,50,8,1.71131308s,675.777324ms,667.384249ms
148,1000,50,8,1.706639399s,664.762301ms,636.047776ms
149,1000,50,8,1.71602226s,645.925893ms,660.261587ms
150,1000,50,8,1.693469209s,684.060142ms,683.45209ms
151,1000,50,16,1.76426977s,698.711594ms,683.342088ms
152,1000,50,16,1.726019914s,656.242573ms,607.153134ms
153,1000,50,16,1.710468828s,638.179078ms,636.980497ms
154,1000,50,16,1.709482242s,669.494096ms,582.589581ms
155,1000,50,16,1.846074688s,691.077757ms,639.16601ms
156,1000,50,16,1.791011459s,671.335969ms,635.43808ms
157,1000,50,16,1.814083155s,724.652132ms,602.674676ms
158,1000,50,16,1.854614761s,663.614017ms,615.356052ms
159,1000,50,16,1.753314392s,722.75989ms,646.116273ms
160,1000,50,16,1.750668267s,668.963463ms,599.143595ms
161,1000,50,16,1.776776325s,636.331569ms,629.574362ms
162,1000,50,16,1.752504153s,672.369528ms,645.437497ms
163,1000,50,16,1.727717174s,659.950389ms,664.745236ms
164,1000,50,16,1.716172552s,645.546403ms,679.73761ms
165,1000,50,16,1.711792345s,651.496396ms,613.636284ms
166,1000,50,16,1.714742503s,670.229252ms,644.445741ms
167,1000,50,16,1.755441527s,709.171053ms,606.568394ms
168,1000,50,16,1.747890085s,689.918068ms,645.45506ms
169,1000,50,16,1.846822597s,665.857784ms,637.851341ms
170,1000,50,16,1.860740923s,664.380463ms,713.270117ms
171,1000,50,16,1.743580591s,670.133331ms,635.698091ms
172,1000,50,16,1.768537651s,677.924378ms,611.784027ms
173,1000,50,16,1.765619226s,702.208939ms,661.804847ms
174,1000,50,16,1.799521922s,694.301762ms,565.239605ms
175,1000,50,16,1.741274983s,671.422333ms,572.034235ms
176,1000,50,16,1.736542617s,702.36742ms,610.496215ms
177,1000,50,16,1.743469747s,680.274474ms,618.02146ms
178,1000,50,16,1.723481847s,668.784438ms,639.600614ms
179,1000,50,16,1.712111691s,650.932624ms,606.831482ms
180,1000,50,16,1.71494774s,743.282246ms,683.348158ms
181,1000,50,16,1.718948673s,687.283925ms,736.701464ms
182,1000,50,16,1.702692667s,651.769165ms,616.856851ms
183,1000,50,16,1.732800909s,658.830735ms,614.241733ms
184,1000,50,16,1.755219354s,683.151091ms,639.182028ms
185,1000,50,16,1.708476485s,709.688846ms,643.365068ms
186,1000,50,16,1.727966458s,681.318634ms,675.657834ms
187,1000,50,16,1.729289781s,669.963175ms,593.006442ms
188,1000,50,16,1.767577751s,677.105852ms,651.024682ms
189,1000,50,16,1.777490003s,680.245185ms,659.076262ms
190,1000,50,16,1.72104024s,655.089275ms,638.165279ms
191,1000,50,16,1.714734603s,680.609034ms,653.423158ms
192,1000,50,16,1.743981694s,695.265745ms,660.679692ms
193,1000,50,16,1.729555934s,669.38984ms,628.915401ms
194,1000,50,16,1.736285007s,647.957773ms,674.416501ms
195,1000,50,16,1.715796814s,677.774129ms,642.874246ms
196,1000,50,16,1.723548566s,680.324451ms,642.709396ms
197,1000,50,16,1.71131308s,678.005819ms,616.78636ms
198,1000,50,16,1.706639399s,696.067952ms,665.977222ms
199,1000,50,16,1.71602226s,811.818885ms,589.170699ms
200,1000,50,16,1.693469209s,693.771403ms,641.935151ms
201,1000,100,2,1.76426977s,997.067754ms,1.046744388s
202,1000,100,2,1.726019914s,974.233936ms,1.003511769s
203,1000,100,2,1.710468828s,963.282636ms,953.543496ms
204,1000,100,2,1.709482242s,958.896098ms,968.394909ms
205,1000,100,2,1.846074688s,970.712471ms,989.32447ms
206,1000,100,2,1.791011459s,1.051940116s,942.727268ms
207,1000,100,2,1.814083155s,972.753665ms,1.008147917s
208,1000,100,2,1.854614761s,1.004629415s,947.397408ms
209,1000,100,2,1.753314392s,956.071499ms,1.002459794s
210,1000,100,2,1.750668267s,957.041067ms,940.861392ms
211,1000,100,2,1.776776325s,943.658208ms,955.119455ms
212,1000,100,2,1.752504153s,986.877668ms,986.341773ms
213,1000,100,2,1.727717174s,1.014587922s,1.006797428s
214,1000,100,2,1.716172552s,973.032634ms,964.814866ms
215,1000,100,2,1.711792345s,958.70072ms,982.481615ms
216,1000,100,2,1.714742503s,1.019986951s,952.6401ms
217,1000,100,2,1.755441527s,937.937179ms,1.042325346s
218,1000,100,2,1.747890085s,967.216361ms,965.199583ms
219,1000,100,2,1.846822597s,1.086038248s,1.0819561s
220,1000,100,2,1.860740923s,1.010815232s,1.019149258s
221,1000,100,2,1.743580591s,1.002419566s,1.053666608s
222,1000,100,2,1.768537651s,992.564969ms,942.528501ms
223,1000,100,2,1.765619226s,964.138422ms,1.034856455s
224,1000,100,2,1.799521922s,1.003654686s,1.014721281s
225,1000,100,2,1.741274983s,1.028035923s,1.079863158s
226,1000,100,2,1.736542617s,971.339782ms,975.67358ms
227,1000,100,2,1.743469747s,949.108435ms,956.425535ms
228,1000,100,2,1.723481847s,967.791379ms,962.154414ms
229,1000,100,2,1.712111691s,1.09059659s,980.109113ms
230,1000,100,2,1.71494774s,998.163619ms,1.077939685s
231,1000,100,2,1.718948673s,998.107491ms,986.82561ms
232,1000,100,2,1.702692667s,984.598529ms,1.010522052s
233,1000,100,2,1.732800909s,990.863449ms,1.025702475s
234,1000,100,2,1.755219354s,980.657283ms,997.505742ms
235,1000,100,2,1.708476485s,942.310411ms,977.851465ms
236,1000,100,2,1.727966458s,967.420499ms,961.585449ms
237,1000,100,2,1.729289781s,1.012107965s,992.193337ms
238,1000,100,2,1.767577751s,958.570346ms,990.396945ms
239,1000,100,2,1.777490003s,1.086162509s,984.509014ms
240,1000,100,2,1.72104024s,956.261081ms,1.09348716s
241,1000,100,2,1.714734603s,986.843077ms,966.515887ms
242,1000,100,2,1.743981694s,996.480339ms,1.030507495s
243,1000,100,2,1.729555934s,1.007845411s,997.478251ms
244,1000,100,2,1.736285007s,975.742734ms,976.14452ms
245,1000,100,2,1.715796814s,1.014984653s,964.459083ms
246,1000,100,2,1.723548566s,1.096235084s,962.603673ms
247,1000,100,2,1.71131308s,1.027790916s,1.021640134s
248,1000,100,2,1.706639399s,1.036671791s,1.016768549s
249,1000,100,2,1.71602226s,999.8325ms,1.184448543s
250,1000,100,2,1.693469209s,1.070022889s,1.018184732s
251,1000,100,4,1.76426977s,689.128371ms,783.065396ms
252,1000,100,4,1.726019914s,782.725011ms,873.547302ms
253,1000,100,4,1.710468828s,720.160618ms,843.738773ms
254,1000,100,4,1.709482242s,745.961954ms,702.437905ms
255,1000,100,4,1.846074688s,728.301051ms,810.84852ms
256,1000,100,4,1.791011459s,754.659697ms,649.483378ms
257,1000,100,4,1.814083155s,725.839138ms,659.056773ms
258,1000,100,4,1.854614761s,752.620875ms,627.111177ms
259,1000,100,4,1.753314392s,737.713757ms,603.384348ms
260,1000,100,4,1.750668267s,728.409597ms,676.244232ms
261,1000,100,4,1.776776325s,773.771487ms,667.281029ms
262,1000,100,4,1.752504153s,716.680868ms,686.082151ms
263,1000,100,4,1.727717174s,721.604251ms,658.419713ms
264,1000,100,4,1.716172552s,708.327563ms,659.454721ms
265,1000,100,4,1.711792345s,721.968067ms,678.528975ms
266,1000,100,4,1.714742503s,731.924285ms,675.525867ms
267,1000,100,4,1.755441527s,682.290529ms,716.699124ms
268,1000,100,4,1.747890085s,734.226074ms,585.653338ms
269,1000,100,4,1.846822597s,722.011859ms,624.395813ms
270,1000,100,4,1.860740923s,709.999576ms,674.280139ms
271,1000,100,4,1.743580591s,714.946048ms,755.296304ms
272,1000,100,4,1.768537651s,698.994574ms,634.411798ms
273,1000,100,4,1.765619226s,733.044924ms,723.583138ms
274,1000,100,4,1.799521922s,699.46905ms,676.726445ms
275,1000,100,4,1.741274983s,741.662235ms,661.106479ms
276,1000,100,4,1.736542617s,683.375326ms,710.462624ms
277,1000,100,4,1.743469747s,739.597446ms,665.441712ms
278,1000,100,4,1.723481847s,730.676856ms,702.026255ms
279,1000,100,4,1.712111691s,729.121311ms,627.727054ms
280,1000,100,4,1.71494774s,716.130026ms,644.731489ms
281,1000,100,4,1.718948673s,731.253022ms,632.451493ms
282,1000,100,4,1.702692667s,791.939215ms,684.459481ms
283,1000,100,4,1.732800909s,746.547325ms,706.398927ms
284,1000,100,4,1.755219354s,720.081366ms,677.420304ms
285,1000,100,4,1.708476485s,693.205852ms,706.004266ms
286,1000,100,4,1.727966458s,760.22549ms,757.768396ms
287,1000,100,4,1.729289781s,705.547192ms,672.744705ms
288,1000,100,4,1.767577751s,735.339418ms,697.566315ms
289,1000,100,4,1.777490003s,720.146113ms,677.223934ms
290,1000,100,4,1.72104024s,751.47194ms,705.363781ms
291,1000,100,4,1.714734603s,750.035087ms,626.210421ms
292,1000,100,4,1.743981694s,724.750837ms,647.703813ms
293,1000,100,4,1.729555934s,750.808635ms,684.477597ms
294,1000,100,4,1.736285007s,721.433627ms,726.310427ms
295,1000,100,4,1.715796814s,689.363921ms,677.119131ms
296,1000,100,4,1.723548566s,705.179307ms,722.442665ms
297,1000,100,4,1.71131308s,699.358854ms,643.809382ms
298,1000,100,4,1.706639399s,748.242215ms,633.101414ms
299,1000,100,4,1.71602226s,736.984037ms,792.033727ms
300,1000,100,4,1.693469209s,734.061022ms,728.538969ms
301,1000,100,8,1.76426977s,696.2228ms,769.401548ms
302,1000,100,8,1.726019914s,725.577096ms,610.471197ms
303,1000,100,8,1.710468828s,781.328568ms,633.400395ms
304,1000,100,8,1.709482242s,725.086573ms,708.278777ms
305,1000,100,8,1.846074688s,694.435499ms,718.703032ms
306,1000,100,8,1.791011459s,734.620088ms,656.35539ms
307,1000,100,8,1.814083155s,809.367716ms,631.254195ms
308,1000,100,8,1.854614761s,762.381736ms,740.033674ms
309,1000,100,8,1.753314392s,666.41317ms,677.819219ms
310,1000,100,8,1.750668267s,792.520349ms,697.683094ms
311,1000,100,8,1.776776325s,764.918169ms,659.052808ms
312,1000,100,8,1.752504153s,730.09964ms,732.51984ms
313,1000,100,8,1.727717174s,758.872406ms,658.328709ms
314,1000,100,8,1.716172552s,715.336811ms,730.339497ms
315,1000,100,8,1.711792345s,734.494127ms,701.915498ms
316,1000,100,8,1.714742503s,774.321164ms,711.456143ms
317,1000,100,8,1.755441527s,712.234104ms,634.227507ms
318,1000,100,8,1.747890085s,756.802935ms,761.934558ms
319,1000,100,8,1.846822597s,803.946933ms,669.969859ms
320,1000,100,8,1.860740923s,715.178342ms,744.432603ms
321,1000,100,8,1.743580591s,738.900043ms,716.129968ms
322,1000,100,8,1.768537651s,700.449218ms,672.082402ms
323,1000,100,8,1.765619226s,753.844183ms,665.408726ms
324,1000,100,8,1.799521922s,752.542489ms,670.786781ms
325,1000,100,8,1.741274983s,748.733169ms,684.928584ms
326,1000,100,8,1.736542617s,693.468091ms,738.537947ms
327,1000,100,8,1.743469747s,722.210908ms,699.428726ms
328,1000,100,8,1.723481847s,716.85492ms,718.719781ms
329,1000,100,8,1.712111691s,637.504601ms,729.279075ms
330,1000,100,8,1.71494774s,818.680718ms,713.993551ms
331,1000,100,8,1.718948673s,786.904197ms,721.394663ms
332,1000,100,8,1.702692667s,772.225495ms,715.508814ms
333,1000,100,8,1.732800909s,776.366287ms,687.896838ms
334,1000,100,8,1.755219354s,832.947184ms,683.460765ms
335,1000,100,8,1.708476485s,840.05639ms,839.286892ms
336,1000,100,8,1.727966458s,737.62702ms,756.318553ms
337,1000,100,8,1.729289781s,801.448922ms,768.657481ms
338,1000,100,8,1.767577751s,824.305128ms,804.974922ms
339,1000,100,8,1.777490003s,819.45572ms,741.389425ms
340,1000,100,8,1.72104024s,754.254055ms,836.360078ms
341,1000,100,8,1.714734603s,719.268939ms,651.181096ms
342,1000,100,8,1.743981694s,717.755511ms,690.015019ms
343,1000,100,8,1.729555934s,808.685168ms,680.129812ms
344,1000,100,8,1.736285007s,742.009942ms,723.919322ms
345,1000,100,8,1.715796814s,779.042894ms,663.110389ms
346,1000,100,8,1.723548566s,750.57788ms,675.856315ms
347,1000,100,8,1.71131308s,770.402477ms,657.990253ms
348,1000,100,8,1.706639399s,670.431171ms,698.114005ms
349,1000,100,8,1.71602226s,840.865285ms,696.96683ms
350,1000,100,8,1.693469209s,757.050175ms,785.128846ms
351,1000,100,16,1.76426977s,973.979856ms,906.498738ms
352,1000,100,16,1.726019914s,696.493041ms,702.393889ms
353,1000,100,16,1.710468828s,754.926414ms,673.709381ms
354,1000,100,16,1.709482242s,737.767401ms,678.486927ms
355,1000,100,16,1.846074688s,755.715153ms,671.033551ms
356,1000,100,16,1.791011459s,835.44734ms,879.260708ms
357,1000,100,16,1.814083155s,716.269593ms,711.071465ms
358,1000,100,16,1.854614761s,780.351217ms,751.638648ms
359,1000,100,16,1.753314392s,687.635297ms,794.731082ms
360,1000,100,16,1.750668267s,826.352824ms,679.40434ms
361,1000,100,16,1.776776325s,753.382642ms,883.533746ms
362,1000,100,16,1.752504153s,890.431962ms,784.309104ms
363,1000,100,16,1.727717174s,592.125898ms,632.708115ms
364,1000,100,16,1.716172552s,614.127603ms,621.054144ms
365,1000,100,16,1.711792345s,621.34332ms,635.30008ms
366,1000,100,16,1.714742503s,628.594482ms,587.171095ms
367,1000,100,16,1.755441527s,829.55303ms,662.755566ms
368,1000,100,16,1.747890085s,719.770514ms,854.739467ms
369,1000,100,16,1.846822597s,632.452829ms,776.093913ms
370,1000,100,16,1.860740923s,672.628369ms,671.462202ms
371,1000,100,16,1.743580591s,603.296576ms,646.922301ms
372,1000,100,16,1.768537651s,660.60235ms,655.56036ms
373,1000,100,16,1.765619226s,742.97479ms,658.988373ms
374,1000,100,16,1.799521922s,722.81883ms,628.749833ms
375,1000,100,16,1.741274983s,688.885011ms,630.941789ms
376,1000,100,16,1.736542617s,699.230566ms,621.311264ms
377,1000,100,16,1.743469747s,676.307307ms,587.91441ms
378,1000,100,16,1.723481847s,674.67484ms,638.874688ms
379,1000,100,16,1.712111691s,682.71561ms,690.427892ms
380,1000,100,16,1.71494774s,708.313059ms,649.679208ms
381,1000,100,16,1.718948673s,657.511991ms,639.634261ms
382,1000,100,16,1.702692667s,725.693245ms,703.610959ms
383,1000,100,16,1.732800909s,709.692401ms,625.224149ms
384,1000,100,16,1.755219354s,704.789612ms,673.846865ms
385,1000,100,16,1.708476485s,692.923097ms,713.513792ms
386,1000,100,16,1.727966458s,625.09186ms,665.406126ms
387,1000,100,16,1.729289781s,721.647905ms,667.415044ms
388,1000,100,16,1.767577751s,690.954887ms,642.588674ms
389,1000,100,16,1.777490003s,756.808284ms,610.048227ms
390,1000,100,16,1.72104024s,630.140409ms,602.022142ms
391,1000,100,16,1.714734603s,636.290708ms,634.294263ms
392,1000,100,16,1.743981694s,648.357167ms,670.683512ms
393,1000,100,16,1.729555934s,637.669779ms,698.137801ms
394,1000,100,16,1.736285007s,727.50136ms,634.739541ms
395,1000,100,16,1.715796814s,650.649804ms,656.042153ms
396,1000,100,16,1.723548566s,701.892841ms,684.750047ms
397,1000,100,16,1.71131308s,699.375631ms,639.81555ms
398,1000,100,16,1.706639399s,646.201836ms,684.348704ms
399,1000,100,16,1.71602226s,645.00417ms,762.919828ms
400,1000,100,16,1.693469209s,740.497135ms,647.216372ms
401,1000,200,2,1.76426977s,943.094998ms,973.010399ms
402,1000,200,2,1.726019914s,945.423321ms,1.026022281s
403,1000,200,2,1.710468828s,947.32133ms,993.951994ms
404,1000,200,2,1.709482242s,928.178377ms,1.009887742s
405,1000,200,2,1.846074688s,955.087705ms,979.629134ms
406,1000,200,2,1.791011459s,996.965516ms,968.272572ms
407,1000,200,2,1.814083155s,972.881487ms,944.486076ms
408,1000,200,2,1.854614761s,944.038273ms,1.05012984s
409,1000,200,2,1.753314392s,950.421296ms,1.010422846s
410,1000,200,2,1.750668267s,939.167387ms,970.836286ms
411,1000,200,2,1.776776325s,996.057436ms,1.033206969s
412,1000,200,2,1.752504153s,917.560783ms,974.464026ms
413,1000,200,2,1.727717174s,923.232805ms,963.965066ms
414,1000,200,2,1.716172552s,921.739741ms,994.881378ms
415,1000,200,2,1.711792345s,929.574864ms,961.864934ms
416,1000,200,2,1.714742503s,923.782029ms,965.673734ms
417,1000,200,2,1.755441527s,936.274786ms,1.011531088s
418,1000,200,2,1.747890085s,927.943632ms,941.399705ms
419,1000,200,2,1.846822597s,970.802192ms,933.140373ms
420,1000,200,2,1.860740923s,913.035949ms,920.370553ms
421,1000,200,2,1.743580591s,963.196829ms,931.82298ms
422,1000,200,2,1.768537651s,944.728314ms,925.197408ms
423,1000,200,2,1.765619226s,935.960548ms,934.524081ms
424,1000,200,2,1.799521922s,941.917246ms,941.667637ms
425,1000,200,2,1.741274983s,916.033912ms,942.90106ms
426,1000,200,2,1.736542617s,934.010547ms,920.462027ms
427,1000,200,2,1.743469747s,965.424382ms,923.72441ms
428,1000,200,2,1.723481847s,930.141234ms,963.708783ms
429,1000,200,2,1.712111691s,957.735316ms,953.032735ms
430,1000,200,2,1.71494774s,932.53543ms,940.780705ms
431,1000,200,2,1.718948673s,953.239757ms,934.545746ms
432,1000,200,2,1.702692667s,965.47649ms,930.121494ms
433,1000,200,2,1.732800909s,938.333563ms,936.983782ms
434,1000,200,2,1.755219354s,955.871529ms,941.273524ms
435,1000,200,2,1.708476485s,949.000765ms,954.329077ms
436,1000,200,2,1.727966458s,944.202952ms,977.144869ms
437,1000,200,2,1.729289781s,946.634511ms,933.282965ms
438,1000,200,2,1.767577751s,920.292015ms,952.751352ms
439,1000,200,2,1.777490003s,932.172303ms,947.297924ms
440,1000,200,2,1.72104024s,905.932149ms,1.012150942s
441,1000,200,2,1.714734603s,919.889018ms,938.929405ms
442,1000,200,2,1.743981694s,936.720408ms,926.261879ms
443,1000,200,2,1.729555934s,949.668379ms,929.534233ms
444,1000,200,2,1.736285007s,950.521541ms,934.886228ms
445,1000,200,2,1.715796814s,944.638818ms,959.074985ms
446,1000,200,2,1.723548566s,905.437785ms,928.097907ms
447,1000,200,2,1.71131308s,967.80435ms,948.577852ms
448,1000,200,2,1.706639399s,997.43961ms,935.879944ms
449,1000,200,2,1.71602226s,911.382902ms,929.417722ms
450,1000,200,2,1.693469209s,961.811492ms,921.526698ms
451,1000,200,4,1.76426977s,851.503869ms,830.712569ms
452,1000,200,4,1.726019914s,793.115059ms,796.536681ms
453,1000,200,4,1.710468828s,787.980461ms,813.187516ms
454,1000,200,4,1.709482242s,791.02592ms,797.746137ms
455,1000,200,4,1.846074688s,798.503936ms,807.619267ms
456,1000,200,4,1.791011459s,801.207753ms,820.141503ms
457,1000,200,4,1.814083155s,807.545683ms,841.837975ms
458,1000,200,4,1.854614761s,800.390101ms,796.326945ms
459,1000,200,4,1.753314392s,794.622429ms,818.262739ms
460,1000,200,4,1.750668267s,821.885026ms,833.686906ms
461,1000,200,4,1.776776325s,787.395261ms,810.255662ms
462,1000,200,4,1.752504153s,785.744652ms,819.98807ms
463,1000,200,4,1.727717174s,804.034839ms,802.035382ms
464,1000,200,4,1.716172552s,831.042599ms,807.541951ms
465,1000,200,4,1.711792345s,807.401559ms,824.497597ms
466,1000,200,4,1.714742503s,805.757893ms,822.987368ms
467,1000,200,4,1.755441527s,827.137316ms,815.127257ms
468,1000,200,4,1.747890085s,808.803187ms,817.80228ms
469,1000,200,4,1.846822597s,800.779023ms,811.98373ms
470,1000,200,4,1.860740923s,797.607728ms,822.300497ms
471,1000,200,4,1.743580591s,804.215025ms,800.101022ms
472,1000,200,4,1.768537651s,805.546737ms,822.131562ms
473,1000,200,4,1.765619226s,815.360154ms,829.747563ms
474,1000,200,4,1.799521922s,828.067236ms,819.2145ms
475,1000,200,4,1.741274983s,837.854676ms,803.560164ms
476,1000,200,4,1.736542617s,841.794165ms,817.424356ms
477,1000,200,4,1.743469747s,811.819461ms,810.166907ms
478,1000,200,4,1.723481847s,892.640595ms,824.024792ms
479,1000,200,4,1.712111691s,876.193228ms,824.824838ms
480,1000,200,4,1.71494774s,827.335196ms,804.318521ms
481,1000,200,4,1.718948673s,828.643685ms,822.616356ms
482,1000,200,4,1.702692667s,810.031088ms,816.896621ms
483,1000,200,4,1.732800909s,803.698967ms,826.164208ms
484,1000,200,4,1.755219354s,819.104757ms,790.886243ms
485,1000,200,4,1.708476485s,839.023117ms,798.309369ms
486,1000,200,4,1.727966458s,779.689898ms,800.140409ms
487,1000,200,4,1.729289781s,806.338281ms,802.851169ms
488,1000,200,4,1.767577751s,793.948388ms,805.653364ms
489,1000,200,4,1.777490003s,814.26082ms,802.961411ms
490,1000,200,4,1.72104024s,831.587832ms,820.082194ms
491,1000,200,4,1.714734603s,792.497635ms,812.080239ms
492,1000,200,4,1.743981694s,798.783514ms,817.136975ms
493,1000,200,4,1.729555934s,794.556923ms,837.205662ms
494,1000,200,4,1.736285007s,781.973695ms,818.830852ms
495,1000,200,4,1.715796814s,823.161496ms,805.204951ms
496,1000,200,4,1.723548566s,793.588695ms,833.225079ms
497,1000,200,4,1.71131308s,817.238871ms,836.60824ms
498,1000,200,4,1.706639399s,791.775872ms,815.881597ms
499,1000,200,4,1.71602226s,832.681635ms,811.611776ms
500,1000,200,4,1.693469209s,807.078852ms,832.372473ms
501,1000,200,8,1.76426977s,869.736292ms,952.503392ms
502,1000,200,8,1.726019914s,809.421831ms,863.760963ms
503,1000,200,8,1.710468828s,791.185199ms,819.003025ms
504,1000,200,8,1.709482242s,817.193302ms,819.665711ms
505,1000,200,8,1.846074688s,824.712424ms,835.30663ms
506,1000,200,8,1.791011459s,799.201301ms,858.936077ms
507,1000,200,8,1.814083155s,827.019292ms,808.453381ms
508,1000,200,8,1.854614761s,808.772241ms,793.777942ms
509,1000,200,8,1.753314392s,796.821806ms,830.735297ms
510,1000,200,8,1.750668267s,781.154004ms,802.839877ms
511,1000,200,8,1.776776325s,809.563476ms,843.193962ms
512,1000,200,8,1.752504153s,834.294414ms,804.909649ms
513,1000,200,8,1.727717174s,806.402039ms,819.350936ms
514,1000,200,8,1.716172552s,794.325059ms,814.535311ms
515,1000,200,8,1.711792345s,797.9738ms,814.220299ms
516,1000,200,8,1.714742503s,806.724934ms,859.563902ms
517,1000,200,8,1.755441527s,792.97797ms,799.048652ms
518,1000,200,8,1.747890085s,797.343417ms,817.098211ms
519,1000,200,8,1.846822597s,793.096226ms,836.235905ms
520,1000,200,8,1.860740923s,783.870262ms,806.797325ms
521,1000,200,8,1.743580591s,798.819947ms,831.941381ms
522,1000,200,8,1.768537651s,819.762138ms,810.116123ms
523,1000,200,8,1.765619226s,851.342397ms,811.491442ms
524,1000,200,8,1.799521922s,800.311785ms,807.059227ms
525,1000,200,8,1.741274983s,799.222331ms,799.469732ms
526,1000,200,8,1.736542617s,818.675723ms,837.146277ms
527,1000,200,8,1.743469747s,825.551815ms,796.088694ms
528,1000,200,8,1.723481847s,821.315966ms,850.029895ms
529,1000,200,8,1.712111691s,792.360239ms,821.721685ms
530,1000,200,8,1.71494774s,813.837665ms,826.310034ms
531,1000,200,8,1.718948673s,825.030804ms,822.026759ms
532,1000,200,8,1.702692667s,798.671589ms,821.682369ms
533,1000,200,8,1.732800909s,812.612575ms,827.10471ms
534,1000,200,8,1.755219354s,827.506721ms,816.767059ms
535,1000,200,8,1.708476485s,827.499029ms,842.662629ms
536,1000,200,8,1.727966458s,793.986015ms,833.593978ms
537,1000,200,8,1.729289781s,792.132669ms,835.716084ms
538,1000,200,8,1.767577751s,791.700712ms,840.556739ms
539,1000,200,8,1.777490003s,799.982768ms,804.244391ms
540,1000,200,8,1.72104024s,784.722844ms,839.453751ms
541,1000,200,8,1.714734603s,810.752346ms,815.297876ms
542,1000,200,8,1.743981694s,832.107068ms,814.834113ms
543,1000,200,8,1.729555934s,801.687508ms,823.216705ms
544,1000,200,8,1.736285007s,855.110782ms,803.615875ms
545,1000,200,8,1.715796814s,844.934019ms,796.846476ms
546,1000,200,8,1.723548566s,803.195725ms,842.032102ms
547,1000,200,8,1.71131308s,795.958104ms,833.550535ms
548,1000,200,8,1.706639399s,846.632906ms,834.452465ms
549,1000,200,8,1.71602226s,817.137405ms,811.012641ms
550,1000,200,8,1.693469209s,825.009748ms,880.070277ms
551,1000,200,16,1.76426977s,860.389289ms,847.318647ms
552,1000,200,16,1.726019914s,827.986271ms,896.145713ms
553,1000,200,16,1.710468828s,839.324325ms,941.545604ms
554,1000,200,16,1.709482242s,896.386573ms,957.437832ms
555,1000,200,16,1.846074688s,921.408943ms,1.039194224s
556,1000,200,16,1.791011459s,939.095987ms,968.331288ms
557,1000,200,16,1.814083155s,925.172985ms,911.523915ms
558,1000,200,16,1.854614761s,1.159564052s,1.054520735s
559,1000,200,16,1.753314392s,1.160029419s,966.060155ms
560,1000,200,16,1.750668267s,1.050935367s,1.005315122s
561,1000,200,16,1.776776325s,799.438417ms,886.650468ms
562,1000,200,16,1.752504153s,812.928759ms,802.235624ms
563,1000,200,16,1.727717174s,837.894602ms,855.251633ms
564,1000,200,16,1.716172552s,797.026751ms,816.303282ms
565,1000,200,16,1.711792345s,808.420192ms,805.342253ms
566,1000,200,16,1.714742503s,786.100385ms,830.365738ms
567,1000,200,16,1.755441527s,825.100601ms,852.691628ms
568,1000,200,16,1.747890085s,858.254659ms,800.169811ms
569,1000,200,16,1.846822597s,810.726008ms,800.364142ms
570,1000,200,16,1.860740923s,782.547285ms,866.132282ms
571,1000,200,16,1.743580591s,814.196492ms,839.635692ms
572,1000,200,16,1.768537651s,780.048644ms,837.086448ms
573,1000,200,16,1.765619226s,813.969452ms,841.981426ms
574,1000,200,16,1.799521922s,785.028781ms,846.67229ms
575,1000,200,16,1.741274983s,849.490765ms,874.378033ms
576,1000,200,16,1.736542617s,827.362639ms,797.222075ms
577,1000,200,16,1.743469747s,796.825419ms,818.022719ms
578,1000,200,16,1.723481847s,799.271756ms,898.520055ms
579,1000,200,16,1.712111691s,818.675818ms,827.424147ms
580,1000,200,16,1.71494774s,795.074929ms,816.602011ms
581,1000,200,16,1.718948673s,817.123379ms,800.464821ms
582,1000,200,16,1.702692667s,805.984422ms,801.749138ms
583,1000,200,16,1.732800909s,819.102917ms,835.819219ms
584,1000,200,16,1.755219354s,857.26626ms,823.47654ms
585,1000,200,16,1.708476485s,799.973546ms,859.416987ms
586,1000,200,16,1.727966458s,871.976436ms,796.509577ms
587,1000,200,16,1.729289781s,857.004072ms,858.209447ms
588,1000,200,16,1.767577751s,800.089057ms,845.365293ms
589,1000,200,16,1.777490003s,801.503034ms,849.608766ms
590,1000,200,16,1.72104024s,799.675181ms,814.590566ms
591,1000,200,16,1.714734603s,788.345608ms,799.046269ms
592,1000,200,16,1.743981694s,857.535847ms,853.250802ms
593,1000,200,16,1.729555934s,851.011091ms,799.335299ms
594,1000,200,16,1.736285007s,820.835863ms,792.655832ms
595,1000,200,16,1.715796814s,805.233047ms,834.253136ms
596,1000,200,16,1.723548566s,795.524719ms,856.77741ms
597,1000,200,16,1.71131308s,813.041562ms,809.121911ms
598,1000,200,16,1.706639399s,823.949832ms,807.948556ms
599,1000,200,16,1.71602226s,797.150615ms,819.656751ms
600,1000,200,16,1.693469209s,807.683908ms,846.833533ms
601,2000,100,2,7.053448564s,3.693054562s,3.763438505s
602,2000,100,2,7.493652867s,3.709762595s,3.804967159s
603,2000,100,2,7.304851311s,3.645108411s,3.708782979s
604,2000,100,2,7.019175666s,3.658641091s,3.694924062s
605,2000,100,2,6.959197989s,3.647989164s,3.760230055s
606,2000,100,2,7.111403364s,3.592277746s,3.773005782s
607,2000,100,2,6.897319457s,3.552166935s,3.743013812s
608,2000,100,2,6.676593786s,3.828275171s,3.841958896s
609,2000,100,2,6.646648994s,3.783046651s,3.688566988s
610,2000,100,2,6.65628875s,3.746691008s,3.729407341s
611,2000,100,2,6.677321847s,3.620831976s,3.716654423s
612,2000,100,2,7.150725186s,3.894841576s,3.795375049s
613,2000,100,2,7.095884318s,3.980390574s,4.826934425s
614,2000,100,2,6.757496565s,3.709781844s,4.274778344s
615,2000,100,2,6.626197665s,3.586479858s,3.838063203s
616,2000,100,2,6.680756081s,3.63409859s,3.688493677s
617,2000,100,2,6.610380694s,3.607106784s,3.69215962s
618,2000,100,2,6.760236101s,3.664945603s,3.650234978s
619,2000,100,2,6.721821105s,3.670837493s,3.678797293s
620,2000,100,2,6.694036435s,3.666441045s,3.664448842s
621,2000,100,2,6.754729243s,3.63187107s,3.784568421s
622,2000,100,2,6.701092769s,3.674225136s,3.812453411s
623,2000,100,2,6.776429672s,3.730161977s,3.667193897s
624,2000,100,2,6.70289039s,3.965259449s,3.868117932s
625,2000,100,2,6.708930908s,4.058772838s,3.997645748s
626,2000,100,2,6.682479387s,4.158054028s,4.144653004s
627,2000,100,2,6.706376858s,3.99826803s,4.038912799s
628,2000,100,2,6.671290919s,3.931073107s,3.770034884s
629,2000,100,2,6.701934543s,3.837223135s,3.987266092s
630,2000,100,2,6.668133387s,3.800217071s,3.835062725s
631,2000,100,2,6.670050302s,3.746998471s,3.968613334s
632,2000,100,2,6.691072586s,3.674497063s,3.670602019s
633,2000,100,2,6.687338219s,3.601163391s,3.6735933s
634,2000,100,2,6.694977181s,3.577966017s,3.687429455s
635,2000,100,2,6.677533947s,3.667629914s,3.629428591s
636,2000,100,2,6.701068127s,4.380690853s,3.658316973s
637,2000,100,2,6.682966544s,3.594845188s,3.846195102s
638,2000,100,2,6.705646137s,3.624619048s,3.705966305s
639,2000,100,2,6.663871888s,3.7269826s,3.697211223s
640,2000,100,2,6.65881191s,3.887144932s,3.968144396s
641,2000,100,2,6.752460556s,3.813939087s,4.083726388s
642,2000,100,2,6.681571393s,3.802691947s,3.810289376s
643,2000,100,2,6.680124784s,3.805594902s,4.068413961s
644,2000,100,2,6.724544651s,4.036649933s,4.081796937s
645,2000,100,2,6.67129455s,3.973961294s,4.246772836s
646,2000,100,2,6.671485066s,3.709727267s,4.318890369s
647,2000,100,2,6.66703763s,3.749928496s,4.072828207s
648,2000,100,2,6.683330295s,3.889167001s,4.091465074s
649,2000,100,2,6.69898193s,3.610489748s,3.844349952s
650,2000,100,2,6.732845497s,3.545657925s,3.673074519s
651,2000,100,4,7.053448564s,2.112864451s,2.230855884s
652,2000,100,4,7.493652867s,2.034972968s,2.212416078s
653,2000,100,4,7.304851311s,2.081989552s,2.212274045s
654,2000,100,4,7.019175666s,2.108520066s,2.170300548s
655,2000,100,4,6.959197989s,2.24531455s,2.404527648s
656,2000,100,4,7.111403364s,2.119923583s,2.228372397s
657,2000,100,4,6.897319457s,2.09273087s,2.269185109s
658,2000,100,4,6.676593786s,2.091286843s,2.291995764s
659,2000,100,4,6.646648994s,2.238854779s,2.26277521s
660,2000,100,4,6.65628875s,2.126867947s,2.157870876s
661,2000,100,4,6.677321847s,2.098931419s,2.089834029s
662,2000,100,4,7.150725186s,2.040162904s,2.133819382s
663,2000,100,4,7.095884318s,2.107015804s,2.195063337s
664,2000,100,4,6.757496565s,2.085427225s,2.453275684s
665,2000,100,4,6.626197665s,2.009802617s,2.417234941s
666,2000,100,4,6.680756081s,2.021060155s,2.134071155s
667,2000,100,4,6.610380694s,2.088670617s,2.198103413s
668,2000,100,4,6.760236101s,2.056441423s,2.15432161s
669,2000,100,4,6.721821105s,2.08423875s,2.399103966s
670,2000,100,4,6.694036435s,2.079385824s,2.339379882s
671,2000,100,4,6.754729243s,2.060688755s,2.453924275s
672,2000,100,4,6.701092769s,2.140707049s,2.175226765s
673,2000,100,4,6.776429672s,2.10236669s,2.255629682s
674,2000,100,4,6.70289039s,2.093787064s,2.102419959s
675,2000,100,4,6.708930908s,2.185968971s,2.245654312s
676,2000,100,4,6.682479387s,2.092188625s,2.075705135s
677,2000,100,4,6.706376858s,2.023968056s,2.316333175s
678,2000,100,4,6.671290919s,2.045528552s,2.142206979s
679,2000,100,4,6.701934543s,2.162167399s,2.427621254s
680,2000,100,4,6.668133387s,2.074902513s,2.100194032s
681,2000,100,4,6.670050302s,2.022047978s,2.502272424s
682,2000,100,4,6.691072586s,2.085268335s,2.225263686s
683,2000,100,4,6.687338219s,2.085266145s,2.225626108s
684,2000,100,4,6.694977181s,2.195622689s,2.256605966s
685,2000,100,4,6.677533947s,2.108420503s,2.082261188s
686,2000,100,4,6.701068127s,2.11251522s,2.487792045s
687,2000,100,4,6.682966544s,2.146644471s,2.32912917s
688,2000,100,4,6.705646137s,2.180017005s,2.287513509s
689,2000,100,4,6.663871888s,2.046689641s,2.285049202s
690,2000,100,4,6.65881191s,2.03824931s,2.117757302s
691,2000,100,4,6.752460556s,2.170955016s,2.477302939s
692,2000,100,4,6.681571393s,2.114418672s,2.105118075s
693,2000,100,4,6.680124784s,2.130851084s,2.087147557s
694,2000,100,4,6.724544651s,2.198444938s,2.208509377s
695,2000,100,4,6.67129455s,2.192300033s,2.516024192s
696,2000,100,4,6.671485066s,2.028864234s,2.527105281s
697,2000,100,4,6.66703763s,2.041247098s,2.227875504s
698,2000,100,4,6.683330295s,2.058691696s,1.985495494s
699,2000,100,4,6.69898193s,2.07530252s,2.134340317s
700,2000,100,4,6.732845497s,2.114258951s,2.477869924s
701,2000,100,8,7.053448564s,2.151502046s,2.121499521s
702,2000,100,8,7.493652867s,1.998936012s,2.191388749s
703,2000,100,8,7.304851311s,2.076045813s,2.208388824s
704,2000,100,8,7.019175666s,1.981338022s,2.139496851s
705,2000,100,8,6.959197989s,1.955468518s,2.217621365s
706,2000,100,8,7.111403364s,2.040704883s,2.368955567s
707,2000,100,8,6.897319457s,2.06837723s,2.322066211s
708,2000,100,8,6.676593786s,2.164099187s,2.248529997s
709,2000,100,8,6.646648994s,2.046706896s,2.119068293s
710,2000,100,8,6.65628875s,2.152000316s,2.164995416s
711,2000,100,8,6.677321847s,1.991007648s,2.250677533s
712,2000,100,8,7.150725186s,2.131818261s,2.1826705s
713,2000,100,8,7.095884318s,2.019046276s,2.309424924s
714,2000,100,8,6.757496565s,2.245904861s,2.164699327s
715,2000,100,8,6.626197665s,2.12978518s,2.283175657s
716,2000,100,8,6.680756081s,2.107733856s,2.186312437s
717,2000,100,8,6.610380694s,2.087682058s,2.100959743s
718,2000,100,8,6.760236101s,2.093288927s,2.111831683s
719,2000,100,8,6.721821105s,2.16385768s,2.078072671s
720,2000,100,8,6.694036435s,2.074267511s,2.315437633s
721,2000,100,8,6.754729243s,2.132512892s,2.296197749s
722,2000,100,8,6.701092769s,2.114797947s,2.120659687s
723,2000,100,8,6.776429672s,2.052482066s,2.252151356s
724,2000,100,8,6.70289039s,2.008526014s,2.143611571s
725,2000,100,8,6.708930908s,2.045796517s,2.39878252s
726,2000,100,8,6.682479387s,2.09951455s,2.235410414s
727,2000,100,8,6.706376858s,1.958342499s,2.190841385s
728,2000,100,8,6.671290919s,2.06807229s,2.152277971s
729,2000,100,8,6.701934543s,1.993648765s,2.298272092s
730,2000,100,8,6.668133387s,2.070144685s,2.142984022s
731,2000,100,8,6.670050302s,2.027137031s,2.116617549s
732,2000,100,8,6.691072586s,1.998261713s,2.212246834s
733,2000,100,8,6.687338219s,2.027939737s,2.267761512s
734,2000,100,8,6.694977181s,1.947660728s,2.01589258s
735,2000,100,8,6.677533947s,1.965619377s,2.037167006s
736,2000,100,8,6.701068127s,2.053934239s,2.28043956s
737,2000,100,8,6.682966544s,2.040767232s,2.246095007s
738,2000,100,8,6.705646137s,2.005654873s,2.195380024s
739,2000,100,8,6.663871888s,2.032645271s,2.089001599s
740,2000,100,8,6.65881191s,2.02459241s,2.058023835s
741,2000,100,8,6.752460556s,2.014656691s,2.032540271s
742,2000,100,8,6.681571393s,1.995750347s,2.127154299s
743,2000,100,8,6.680124784s,2.089806261s,2.237450894s
744,2000,100,8,6.724544651s,2.094045084s,2.15461216s
745,2000,100,8,6.67129455s,2.119757358s,2.163506629s
746,2000,100,8,6.671485066s,2.046586341s,2.265770722s
747,2000,100,8,6.66703763s,2.070451559s,2.262975031s
748,2000,100,8,6.683330295s,2.019182748s,1.959383949s
749,2000,100,8,6.69898193s,2.148868101s,2.24155188s
750,2000,100,8,6.732845497s,2.127950237s,2.199463506s
751,2000,100,16,7.053448564s,2.118270906s,2.120915453s
752,2000,100,16,7.493652867s,2.036499313s,2.080002398s
753,2000,100,16,7.304851311s,2.026772432s,2.007496284s
754,2000,100,16,7.019175666s,2.047053192s,1.938367963s
755,2000,100,16,6.959197989s,2.080357471s,2.081294057s
756,2000,100,16,7.111403364s,2.070058685s,2.147834754s
757,2000,100,16,6.897319457s,2.120910987s,2.091184391s
758,2000,100,16,6.676593786s,2.067075353s,2.038233707s
759,2000,100,16,6.646648994s,1.982534749s,2.119329468s
760,2000,100,16,6.65628875s,2.070454408s,2.1587322s
761,2000,100,16,6.677321847s,2.144708241s,2.106944565s
762,2000,100,16,7.150725186s,2.041909761s,2.132677833s
763,2000,100,16,7.095884318s,1.990640533s,2.098374522s
764,2000,100,16,6.757496565s,2.042280426s,2.066846663s
765,2000,100,16,6.626197665s,2.054441392s,1.985474603s
766,2000,100,16,6.680756081s,2.032438657s,2.036627316s
767,2000,100,16,6.610380694s,2.042151328s,2.06349659s
768,2000,100,16,6.760236101s,2.145681073s,2.061844642s
769,2000,100,16,6.721821105s,2.055864262s,2.035842075s
770,2000,100,16,6.694036435s,2.030899067s,2.047504971s
771,2000,100,16,6.754729243s,2.013229579s,1.983468849s
772,2000,100,16,6.701092769s,2.076752216s,2.164912833s
773,2000,100,16,6.776429672s,2.107990032s,2.012624516s
774,2000,100,16,6.70289039s,2.00311512s,2.072749695s
775,2000,100,16,6.708930908s,2.025507996s,2.088176881s
776,2000,100,16,6.682479387s,2.023721385s,2.010056038s
777,2000,100,16,6.706376858s,2.104782945s,2.013185169s
778,2000,100,16,6.671290919s,2.032362025s,2.017889973s
779,2000,100,16,6.701934543s,1.985537149s,2.033124005s
780,2000,100,16,6.668133387s,2.11194952s,2.155202803s
781,2000,100,16,6.670050302s,2.071720339s,2.155001918s
782,2000,100,16,6.691072586s,1.985400015s,2.097636785s
783,2000,100,16,6.687338219s,2.078334708s,2.052114639s
784,2000,100,16,6.694977181s,2.037015145s,2.002978501s
785,2000,100,16,6.677533947s,2.055078579s,2.135089756s
786,2000,100,16,6.701068127s,2.07359642s,2.047864776s
787,2000,100,16,6.682966544s,2.036995156s,2.034959369s
788,2000,100,16,6.705646137s,2.542004585s,2.424438954s
789,2000,100,16,6.663871888s,2.401895057s,2.479724796s
790,2000,100,16,6.65881191s,2.10713853s,2.104729865s
791,2000,100,16,6.752460556s,2.027882997s,2.043069496s
792,2000,100,16,6.681571393s,2.124038082s,2.091152483s
793,2000,100,16,6.680124784s,2.087494184s,2.100255685s
794,2000,100,16,6.724544651s,2.041270136s,2.058699332s
795,2000,100,16,6.67129455s,1.995468901s,2.058888589s
796,2000,100,16,6.671485066s,2.138228128s,2.054834725s
797,2000,100,16,6.66703763s,2.0617257s,2.027441057s
798,2000,100,16,6.683330295s,2.074590612s,2.083657673s
799,2000,100,16,6.69898193s,2.049131595s,2.070930935s
800,2000,100,16,6.732845497s,2.23251203s,2.013435767s
801,2000,200,2,7.053448564s,3.669261639s,3.71689055s
802,2000,200,2,7.493652867s,3.634989723s,3.607779489s
803,2000,200,2,7.304851311s,3.710090116s,3.780567289s
804,2000,200,2,7.019175666s,3.649828628s,3.803788363s
805,2000,200,2,6.959197989s,3.783006571s,3.689104569s
806,2000,200,2,7.111403364s,3.635319642s,3.694978838s
807,2000,200,2,6.897319457s,3.703410922s,3.614412014s
808,2000,200,2,6.676593786s,3.706291259s,3.600217361s
809,2000,200,2,6.646648994s,3.778952567s,3.652824844s
810,2000,200,2,6.65628875s,3.659995556s,3.721861401s
811,2000,200,2,6.677321847s,3.632363352s,3.716917702s
812,2000,200,2,7.150725186s,3.624755162s,3.691564383s
813,2000,200,2,7.095884318s,3.654815152s,3.742899366s
814,2000,200,2,6.757496565s,3.684059166s,3.781787738s
815,2000,200,2,6.626197665s,3.629573863s,3.817819559s
816,2000,200,2,6.680756081s,3.651328608s,3.675127257s
817,2000,200,2,6.610380694s,3.633662117s,3.708640283s
818,2000,200,2,6.760236101s,3.786296416s,3.646125719s
819,2000,200,2,6.721821105s,3.802020792s,3.565394293s
820,2000,200,2,6.694036435s,3.873021099s,3.625374071s
821,2000,200,2,6.754729243s,3.73505139s,3.81632038s
822,2000,200,2,6.701092769s,3.760923191s,3.833346356s
823,2000,200,2,6.776429672s,3.660807139s,3.795932255s
824,2000,200,2,6.70289039s,3.656481025s,3.700917396s
825,2000,200,2,6.708930908s,3.876914668s,3.590493775s
826,2000,200,2,6.682479387s,3.683504752s,3.619297785s
827,2000,200,2,6.706376858s,3.64510046s,3.644291813s
828,2000,200,2,6.671290919s,3.620709221s,3.713203307s
829,2000,200,2,6.701934543s,3.675548179s,3.753560405s
830,2000,200,2,6.668133387s,3.899429756s,3.612933489s
831,2000,200,2,6.670050302s,3.809723479s,3.613472189s
832,2000,200,2,6.691072586s,3.830471524s,3.615595587s
833,2000,200,2,6.687338219s,3.716990599s,3.703596565s
834,2000,200,2,6.694977181s,3.838635043s,3.667160136s
835,2000,200,2,6.677533947s,3.794778457s,3.659116748s
836,2000,200,2,6.701068127s,3.692516941s,3.660178062s
837,2000,200,2,6.682966544s,3.774891255s,3.629382008s
838,2000,200,2,6.705646137s,3.774954625s,3.57727596s
839,2000,200,2,6.663871888s,3.692541241s,3.692388123s
840,2000,200,2,6.65881191s,3.821008631s,3.598548312s
841,2000,200,2,6.752460556s,3.714313352s,3.657420334s
842,2000,200,2,6.681571393s,3.834492269s,3.564850007s
843,2000,200,2,6.680124784s,3.753323642s,3.620895652s
844,2000,200,2,6.724544651s,3.876734733s,3.614813195s
845,2000,200,2,6.67129455s,3.752821949s,3.583048446s
846,2000,200,2,6.671485066s,3.875025884s,3.655828739s
847,2000,200,2,6.66703763s,3.786391197s,3.78925672s
848,2000,200,2,6.683330295s,3.860311515s,3.66230969s
849,2000,200,2,6.69898193s,3.776261274s,3.74236444s
850,2000,200,2,6.732845497s,3.686739698s,3.721627578s
851,2000,200,4,7.053448564s,2.376594723s,2.472037647s
852,2000,200,4,7.493652867s,2.575733523s,2.444722899s
853,2000,200,4,7.304851311s,2.317948065s,2.453313802s
854,2000,200,4,7.019175666s,2.337809022s,2.474076201s
855,2000,200,4,6.959197989s,2.413717124s,2.387251576s
856,2000,200,4,7.111403364s,2.362919973s,2.395160948s
857,2000,200,4,6.897319457s,2.320923435s,2.507529618s
858,2000,200,4,6.676593786s,2.364926041s,2.377809606s
859,2000,200,4,6.646648994s,2.353754369s,2.414072114s
860,2000,200,4,6.65628875s,2.320518825s,2.372783993s
861,2000,200,4,6.677321847s,2.362345559s,2.351623069s
862,2000,200,4,7.150725186s,2.462376639s,2.396168081s
863,2000,200,4,7.095884318s,2.408428408s,2.446800593s
864,2000,200,4,6.757496565s,2.420009154s,2.477655366s
865,2000,200,4,6.626197665s,2.439760988s,2.353042742s
866,2000,200,4,6.680756081s,2.376423201s,2.420147446s
867,2000,200,4,6.610380694s,2.473929055s,2.526915817s
868,2000,200,4,6.760236101s,2.435460036s,2.51292285s
869,2000,200,4,6.721821105s,2.446828474s,2.117998471s
870,2000,200,4,6.694036435s,2.4873192s,2.320670429s
871,2000,200,4,6.754729243s,2.353087746s,2.339233839s
872,2000,200,4,6.701092769s,2.34805536s,2.061045017s
873,2000,200,4,6.776429672s,2.610417677s,2.415444621s
874,2000,200,4,6.70289039s,2.341311886s,2.338833464s
875,2000,200,4,6.708930908s,2.360763535s,2.482828012s
876,2000,200,4,6.682479387s,2.439800917s,2.479474189s
877,2000,200,4,6.706376858s,2.297533259s,2.145489493s
878,2000,200,4,6.671290919s,2.418828484s,2.387517249s
879,2000,200,4,6.701934543s,2.404182666s,2.393023189s
880,2000,200,4,6.668133387s,2.393190786s,2.346305212s
881,2000,200,4,6.670050302s,2.379317526s,2.41796453s
882,2000,200,4,6.691072586s,2.343935809s,2.437965022s
883,2000,200,4,6.687338219s,2.422715627s,2.346555827s
884,2000,200,4,6.694977181s,2.358538802s,2.354127799s
885,2000,200,4,6.677533947s,2.446888803s,2.402293355s
886,2000,200,4,6.701068127s,2.394842157s,2.433284458s
887,2000,200,4,6.682966544s,2.401248107s,2.420391359s
888,2000,200,4,6.705646137s,2.642852811s,2.001492236s
889,2000,200,4,6.663871888s,2.459252518s,2.469616018s
890,2000,200,4,6.65881191s,2.395676441s,2.591405914s
891,2000,200,4,6.752460556s,2.388987467s,2.001988101s
892,2000,200,4,6.681571393s,2.401945224s,2.459973739s
893,2000,200,4,6.680124784s,2.380612916s,2.409709127s
894,2000,200,4,6.724544651s,2.432381103s,2.029685928s
895,2000,200,4,6.67129455s,2.415506621s,2.543633826s
896,2000,200,4,6.671485066s,2.354428417s,2.427527777s
897,2000,200,4,6.66703763s,2.373106332s,2.445776624s
898,2000,200,4,6.683330295s,2.562240466s,2.423975228s
899,2000,200,4,6.69898193s,2.346527406s,2.413373215s
900,2000,200,4,6.732845497s,2.346383939s,2.504693754s
901,2000,200,8,7.053448564s,2.372129634s,2.39193181s
902,2000,200,8,7.493652867s,2.276215479s,2.381789948s
903,2000,200,8,7.304851311s,2.330908116s,2.388280559s
904,2000,200,8,7.019175666s,2.391831755s,2.391771075s
905,2000,200,8,6.959197989s,2.353341784s,2.310905442s
906,2000,200,8,7.111403364s,2.259750554s,2.264111983s
907,2000,200,8,6.897319457s,2.342177363s,2.312920266s
908,2000,200,8,6.676593786s,2.265499856s,2.375194801s
909,2000,200,8,6.646648994s,2.134669545s,2.456337936s
910,2000,200,8,6.65628875s,2.258382338s,2.381848827s
911,2000,200,8,6.677321847s,2.314784503s,2.333264719s
912,2000,200,8,7.150725186s,2.499241978s,2.308928162s
913,2000,200,8,7.095884318s,2.480500841s,2.368158997s
914,2000,200,8,6.757496565s,2.385187487s,2.663502026s
915,2000,200,8,6.626197665s,2.317632969s,2.209470757s
916,2000,200,8,6.680756081s,2.200959299s,2.293173531s
917,2000,200,8,6.610380694s,2.40786452s,2.362328192s
918,2000,200,8,6.760236101s,2.281348447s,2.288317658s
919,2000,200,8,6.721821105s,2.295271594s,2.494444556s
920,2000,200,8,6.694036435s,2.434730119s,2.342824042s
921,2000,200,8,6.754729243s,2.327147899s,2.28354279s
922,2000,200,8,6.701092769s,2.251922447s,2.297969593s
923,2000,200,8,6.776429672s,2.223780865s,2.378392376s
924,2000,200,8,6.70289039s,2.419176249s,2.534670197s
925,2000,200,8,6.708930908s,2.15561992s,2.283646408s
926,2000,200,8,6.682479387s,2.307558785s,2.324276781s
927,2000,200,8,6.706376858s,2.45050876s,2.255547187s
928,2000,200,8,6.671290919s,2.34823544s,2.363389004s
929,2000,200,8,6.701934543s,2.161353897s,2.326293868s
930,2000,200,8,6.668133387s,2.293706297s,2.134430194s
931,2000,200,8,6.670050302s,2.1857284s,2.416972297s
932,2000,200,8,6.691072586s,2.297667826s,2.248637762s
933,2000,200,8,6.687338219s,2.274073336s,2.424544908s
934,2000,200,8,6.694977181s,2.411861638s,2.28864078s
935,2000,200,8,6.677533947s,2.33113572s,2.353442119s
936,2000,200,8,6.701068127s,2.222458592s,2.509508504s
937,2000,200,8,6.682966544s,2.383901074s,2.273096035s
938,2000,200,8,6.705646137s,2.435944173s,2.392455618s
939,2000,200,8,6.663871888s,2.34337602s,2.328302735s
940,2000,200,8,6.65881191s,2.386058827s,2.27937869s
941,2000,200,8,6.752460556s,2.282502468s,2.407548291s
942,2000,200,8,6.681571393s,2.390787635s,2.319898586s
943,2000,200,8,6.680124784s,2.18895247s,2.160779149s
944,2000,200,8,6.724544651s,2.181227549s,2.217656337s
945,2000,200,8,6.67129455s,2.289613763s,2.324572966s
946,2000,200,8,6.671485066s,2.28117739s,2.253916876s
947,2000,200,8,6.66703763s,2.2906597s,2.347249264s
948,2000,200,8,6.683330295s,2.335029781s,2.385798467s
949,2000,200,8,6.69898193s,2.224269133s,2.418934223s
950,2000,200,8,6.732845497s,2.36680821s,2.590358893s
951,2000,200,16,7.053448564s,2.350080275s,2.367951047s
952,2000,200,16,7.493652867s,2.421376562s,2.241359803s
953,2000,200,16,7.304851311s,2.109438402s,2.389966495s
954,2000,200,16,7.019175666s,2.196130539s,2.354904915s
955,2000,200,16,6.959197989s,2.327002139s,2.482839831s
956,2000,200,16,7.111403364s,2.273044444s,2.423137829s
957,2000,200,16,6.897319457s,2.334961876s,2.378992001s
958,2000,200,16,6.676593786s,2.40350392s,2.298372356s
959,2000,200,16,6.646648994s,2.438230363s,2.482224993s
960,2000,200,16,6.65628875s,2.160027048s,2.352349598s
961,2000,200,16,6.677321847s,2.237405087s,2.402585939s
962,2000,200,16,7.150725186s,2.356186354s,2.350882622s
963,2000,200,16,7.095884318s,2.37007008s,2.422060772s
964,2000,200,16,6.757496565s,2.359106555s,2.242346047s
965,2000,200,16,6.626197665s,2.285199314s,2.38486967s
966,2000,200,16,6.680756081s,2.306640149s,2.365200452s
967,2000,200,16,6.610380694s,2.225611361s,2.324602465s
968,2000,200,16,6.760236101s,2.340010683s,2.073408349s
969,2000,200,16,6.721821105s,2.353411585s,2.400161701s
970,2000,200,16,6.694036435s,2.249801275s,2.26406804s
971,2000,200,16,6.754729243s,2.428872285s,2.418618345s
972,2000,200,16,6.701092769s,2.510043849s,2.346003999s
973,2000,200,16,6.776429672s,2.370022032s,2.241123175s
974,2000,200,16,6.70289039s,2.362174945s,2.210383733s
975,2000,200,16,6.708930908s,2.53872884s,2.475693415s
976,2000,200,16,6.682479387s,2.377464172s,2.189331763s
977,2000,200,16,6.706376858s,2.243379652s,2.376961843s
978,2000,200,16,6.671290919s,2.373998873s,2.378301371s
979,2000,200,16,6.701934543s,2.22086125s,2.478381757s
980,2000,200,16,6.668133387s,2.356244765s,2.175937337s
981,2000,200,16,6.670050302s,2.395555361s,2.32608276s
982,2000,200,16,6.691072586s,2.318150135s,2.363728372s
983,2000,200,16,6.687338219s,2.276936258s,2.18940887s
984,2000,200,16,6.694977181s,2.382031707s,2.338288434s
985,2000,200,16,6.677533947s,2.34609874s,2.419575764s
986,2000,200,16,6.701068127s,2.253000728s,2.442744427s
987,2000,200,16,6.682966544s,2.120248885s,2.295246107s
988,2000,200,16,6.705646137s,2.404029468s,2.37211241s
989,2000,200,16,6.663871888s,2.392236495s,2.217500858s
990,2000,200,16,6.65881191s,2.310466563s,2.333182265s
991,2000,200,16,6.752460556s,2.246693596s,2.344863743s
992,2000,200,16,6.681571393s,2.237951184s,2.215916605s
993,2000,200,16,6.680124784s,2.324366381s,2.309897717s
994,2000,200,16,6.724544651s,2.269117173s,2.305037179s
995,2000,200,16,6.67129455s,2.308192782s,2.359010482s
996,2000,200,16,6.671485066s,2.286465047s,2.329678339s
997,2000,200,16,6.66703763s,2.268683864s,2.250385063s
998,2000,200,16,6.683330295s,2.275199645s,2.389835932s
999,2000,200,16,6.69898193s,2.299295895s,2.358960947s
1000,2000,200,16,6.732845497s,2.397441925s,2.380385008s
1001,2000,400,2,7.053448564s,3.773362838s,3.94823666s
1002,2000,400,2,7.493652867s,3.775902756s,3.673289122s
1003,2000,400,2,7.304851311s,3.788651333s,3.712284849s
1004,2000,400,2,7.019175666s,3.731262204s,3.700048495s
1005,2000,400,2,6.959197989s,3.760264017s,3.70681316s
1006,2000,400,2,7.111403364s,3.774359656s,3.679658615s
1007,2000,400,2,6.897319457s,3.781108683s,3.759364167s
1008,2000,400,2,6.676593786s,3.667452054s,3.804347147s
1009,2000,400,2,6.646648994s,3.728020843s,3.690554055s
1010,2000,400,2,6.65628875s,3.716473103s,3.779009093s
1011,2000,400,2,6.677321847s,3.70162858s,3.893691433s
1012,2000,400,2,7.150725186s,3.879684799s,3.666366798s
1013,2000,400,2,7.095884318s,3.843554285s,3.713114258s
1014,2000,400,2,6.757496565s,3.808771598s,3.806314814s
1015,2000,400,2,6.626197665s,3.668576831s,3.846128002s
1016,2000,400,2,6.680756081s,3.679630518s,3.678427774s
1017,2000,400,2,6.610380694s,3.684249005s,3.856587133s
1018,2000,400,2,6.760236101s,3.730633338s,3.813234509s
1019,2000,400,2,6.721821105s,3.914150429s,3.787889046s
1020,2000,400,2,6.694036435s,3.757358171s,3.677781956s
1021,2000,400,2,6.754729243s,3.723842814s,3.770624759s
1022,2000,400,2,6.701092769s,3.753764333s,3.879377563s
1023,2000,400,2,6.776429672s,3.785349283s,3.666127355s
1024,2000,400,2,6.70289039s,3.76304994s,3.7069918s
1025,2000,400,2,6.708930908s,3.676782752s,3.694936233s
1026,2000,400,2,6.682479387s,3.713931614s,3.725739874s
1027,2000,400,2,6.706376858s,3.706261978s,3.713961634s
1028,2000,400,2,6.671290919s,3.74233753s,3.685594213s
1029,2000,400,2,6.701934543s,3.77026551s,3.692455525s
1030,2000,400,2,6.668133387s,3.715834144s,3.685430592s
1031,2000,400,2,6.670050302s,3.84126505s,3.766046151s
1032,2000,400,2,6.691072586s,3.721260257s,3.855714364s
1033,2000,400,2,6.687338219s,3.814592065s,3.791634033s
1034,2000,400,2,6.694977181s,3.672760861s,3.742359806s
1035,2000,400,2,6.677533947s,3.682851135s,3.965941041s
1036,2000,400,2,6.701068127s,3.863400094s,3.682952522s
1037,2000,400,2,6.682966544s,3.832834383s,3.717521549s
1038,2000,400,2,6.705646137s,3.850734185s,3.752250756s
1039,2000,400,2,6.663871888s,3.8500827s,3.722758569s
1040,2000,400,2,6.65881191s,3.747763331s,3.664217322s
1041,2000,400,2,6.752460556s,3.726277873s,3.751047033s
1042,2000,400,2,6.681571393s,3.724445641s,3.942192562s
1043,2000,400,2,6.680124784s,3.928487902s,3.677143954s
1044,2000,400,2,6.724544651s,3.629827668s,3.736499228s
1045,2000,400,2,6.67129455s,3.837890634s,3.713550614s
1046,2000,400,2,6.671485066s,3.68743233s,3.850456561s
1047,2000,400,2,6.66703763s,3.767062522s,3.726916442s
1048,2000,400,2,6.683330295s,3.671700581s,3.822069001s
1049,2000,400,2,6.69898193s,3.641798777s,3.941333005s
1050,2000,400,2,6.732845497s,3.75588451s,3.874042134s
1051,2000,400,4,7.053448564s,3.232019308s,3.193232645s
1052,2000,400,4,7.493652867s,3.19486172s,3.282882436s
1053,2000,400,4,7.304851311s,3.183230634s,3.166405943s
1054,2000,400,4,7.019175666s,3.17826391s,3.205533034s
1055,2000,400,4,6.959197989s,3.272278833s,3.229334952s
1056,2000,400,4,7.111403364s,3.181958436s,3.189513955s
1057,2000,400,4,6.897319457s,3.238933953s,3.266686373s
1058,2000,400,4,6.676593786s,3.238327861s,3.351241956s
1059,2000,400,4,6.646648994s,3.220249231s,3.221334914s
1060,2000,400,4,6.65628875s,3.216349955s,3.167227733s
1061,2000,400,4,6.677321847s,3.194938344s,3.17493316s
1062,2000,400,4,7.150725186s,3.19405144s,3.147971475s
1063,2000,400,4,7.095884318s,3.209305941s,3.185554803s
1064,2000,400,4,6.757496565s,3.167079242s,3.208313619s
1065,2000,400,4,6.626197665s,3.21266438s,3.252595155s
1066,2000,400,4,6.680756081s,3.201933612s,3.215828176s
1067,2000,400,4,6.610380694s,3.384122884s,3.173942162s
1068,2000,400,4,6.760236101s,3.161421894s,3.201004958s
1069,2000,400,4,6.721821105s,3.251947072s,3.277990193s
1070,2000,400,4,6.694036435s,3.256410219s,3.244749325s
1071,2000,400,4,6.754729243s,3.224894444s,3.194432812s
1072,2000,400,4,6.701092769s,3.155773922s,3.203942411s
1073,2000,400,4,6.776429672s,3.16796682s,3.182536352s
1074,2000,400,4,6.70289039s,3.175436418s,3.17445398s
1075,2000,400,4,6.708930908s,3.242740511s,3.273328581s
1076,2000,400,4,6.682479387s,3.1703558s,3.198751652s
1077,2000,400,4,6.706376858s,3.597796602s,3.348512983s
1078,2000,400,4,6.671290919s,3.74047577s,3.566852022s
1079,2000,400,4,6.701934543s,3.184023162s,3.958806261s
1080,2000,400,4,6.668133387s,3.146910551s,3.298865869s
1081,2000,400,4,6.670050302s,3.243802485s,3.198890581s
1082,2000,400,4,6.691072586s,3.138053336s,3.251429127s
1083,2000,400,4,6.687338219s,3.216414835s,3.222486223s
1084,2000,400,4,6.694977181s,3.166071578s,3.186782275s
1085,2000,400,4,6.677533947s,3.501010738s,3.656679027s
1086,2000,400,4,6.701068127s,3.248346157s,3.364479868s
1087,2000,400,4,6.682966544s,3.232581791s,3.190847973s
1088,2000,400,4,6.705646137s,3.305691283s,3.227383423s
1089,2000,400,4,6.663871888s,3.348336964s,3.312884069s
1090,2000,400,4,6.65881191s,3.219394607s,3.48045781s
1091,2000,400,4,6.752460556s,3.218769717s,3.200768043s
1092,2000,400,4,6.681571393s,3.238898978s,3.31558453s
1093,2000,400,4,6.680124784s,3.23825822s,3.266951639s
1094,2000,400,4,6.724544651s,3.303083365s,3.295176097s
1095,2000,400,4,6.67129455s,3.260370861s,3.252962464s
1096,2000,400,4,6.671485066s,3.392416328s,3.258835835s
1097,2000,400,4,6.66703763s,3.457536844s,3.568105729s
1098,2000,400,4,6.683330295s,3.31387794s,3.470802493s
1099,2000,400,4,6.69898193s,4.017708593s,3.449616148s
1100,2000,400,4,6.732845497s,4.182309077s,3.943600732s
1101,2000,400,8,7.053448564s,3.743762987s,4.810614859s
1102,2000,400,8,7.493652867s,3.513155503s,3.667531183s
1103,2000,400,8,7.304851311s,3.417523695s,3.611742034s
1104,2000,400,8,7.019175666s,3.329869587s,3.27206639s
1105,2000,400,8,6.959197989s,3.417219109s,3.600318101s
1106,2000,400,8,7.111403364s,3.43972492s,3.385972853s
1107,2000,400,8,6.897319457s,3.256576823s,3.754117877s
1108,2000,400,8,6.676593786s,3.265572376s,3.447852721s
1109,2000,400,8,6.646648994s,3.394175553s,3.264099116s
1110,2000,400,8,6.65628875s,3.339111269s,3.296574741s
1111,2000,400,8,6.677321847s,3.504743934s,3.664502075s
1112,2000,400,8,7.150725186s,3.342669314s,3.421845144s
1113,2000,400,8,7.095884318s,3.2348921s,3.242660433s
1114,2000,400,8,6.757496565s,3.285086659s,3.357918402s
1115,2000,400,8,6.626197665s,3.359025766s,3.263905251s
1116,2000,400,8,6.680756081s,3.478851139s,3.373642624s
1117,2000,400,8,6.610380694s,3.277169984s,3.446891106s
1118,2000,400,8,6.760236101s,3.246536897s,3.229746286s
1119,2000,400,8,6.721821105s,3.444053782s,3.550481336s
1120,2000,400,8,6.694036435s,3.310228698s,3.392436126s
1121,2000,400,8,6.754729243s,3.325639163s,3.302807498s
1122,2000,400,8,6.701092769s,3.182452662s,3.27629987s
1123,2000,400,8,6.776429672s,3.493609069s,3.331355485s
1124,2000,400,8,6.70289039s,3.508526738s,3.366943212s
1125,2000,400,8,6.708930908s,3.361592756s,3.473892563s
1126,2000,400,8,6.682479387s,3.325800212s,3.287303597s
1127,2000,400,8,6.706376858s,3.446637316s,3.394988662s
1128,2000,400,8,6.671290919s,3.614237245s,3.558172779s
1129,2000,400,8,6.701934543s,3.462357561s,3.469967172s
1130,2000,400,8,6.668133387s,3.360017022s,3.371567752s
1131,2000,400,8,6.670050302s,3.307411738s,3.333903322s
1132,2000,400,8,6.691072586s,3.40208569s,3.63999809s
1133,2000,400,8,6.687338219s,3.16923301s,3.303568891s
1134,2000,400,8,6.694977181s,3.299645399s,3.377694368s
1135,2000,400,8,6.677533947s,3.321735968s,3.386592694s
1136,2000,400,8,6.701068127s,3.287320035s,3.206111374s
1137,2000,400,8,6.682966544s,3.342780723s,3.336616154s
1138,2000,400,8,6.705646137s,3.418745064s,3.377130684s
1139,2000,400,8,6.663871888s,3.294186147s,3.337217775s
1140,2000,400,8,6.65881191s,3.241423422s,3.35098997s
1141,2000,400,8,6.752460556s,3.624533716s,3.473167289s
1142,2000,400,8,6.681571393s,3.349188114s,4.692143919s
1143,2000,400,8,6.680124784s,3.230212142s,3.226653248s
1144,2000,400,8,6.724544651s,3.327223762s,3.171669463s
1145,2000,400,8,6.67129455s,3.329301424s,3.391562015s
1146,2000,400,8,6.671485066s,3.296798289s,3.266025427s
1147,2000,400,8,6.66703763s,3.197523123s,3.237267618s
1148,2000,400,8,6.683330295s,3.21521722s,3.288692834s
1149,2000,400,8,6.69898193s,3.244027185s,3.224489721s
1150,2000,400,8,6.732845497s,3.538836607s,3.612282261s
1151,2000,400,16,7.053448564s,3.841635763s,3.500134965s
1152,2000,400,16,7.493652867s,4.278270775s,4.047975419s
1153,2000,400,16,7.304851311s,3.305265924s,3.25772685s
1154,2000,400,16,7.019175666s,3.274917893s,3.389488998s
1155,2000,400,16,6.959197989s,3.735403905s,3.559487706s
1156,2000,400,16,7.111403364s,4.124586s,3.638182328s
1157,2000,400,16,6.897319457s,3.338608623s,3.208944867s
1158,2000,400,16,6.676593786s,3.366592699s,3.281243909s
1159,2000,400,16,6.646648994s,3.984112204s,3.986008328s
1160,2000,400,16,6.65628875s,3.440408727s,4.200667854s
1161,2000,400,16,6.677321847s,3.210357356s,3.579183266s
1162,2000,400,16,7.150725186s,3.147245667s,3.332846877s
1163,2000,400,16,7.095884318s,3.261310553s,3.305374738s
1164,2000,400,16,6.757496565s,3.557417463s,3.756612034s
1165,2000,400,16,6.626197665s,3.359124425s,4.114487269s
1166,2000,400,16,6.680756081s,3.448622075s,3.508409725s
1167,2000,400,16,6.610380694s,3.452661905s,3.66281172s
1168,2000,400,16,6.760236101s,3.593986252s,3.529211656s
1169,2000,400,16,6.721821105s,3.494794047s,3.588536532s
1170,2000,400,16,6.694036435s,3.430844578s,3.42962505s
1171,2000,400,16,6.754729243s,3.451052666s,3.401242831s
1172,2000,400,16,6.701092769s,3.277848141s,3.52792581s
1173,2000,400,16,6.776429672s,3.24729617s,3.375576537s
1174,2000,400,16,6.70289039s,3.247874039s,3.405199314s
1175,2000,400,16,6.708930908s,3.267424729s,3.310451196s
1176,2000,400,16,6.682479387s,3.354034454s,3.25706374s
1177,2000,400,16,6.706376858s,3.307140184s,3.334793593s
1178,2000,400,16,6.671290919s,3.195879714s,3.258974442s
1179,2000,400,16,6.701934543s,3.225494371s,3.280202674s
1180,2000,400,16,6.668133387s,3.390499675s,3.214511839s
1181,2000,400,16,6.670050302s,3.228728421s,3.355159728s
1182,2000,400,16,6.691072586s,3.297581847s,3.339775009s
1183,2000,400,16,6.687338219s,3.227939905s,3.298282061s
1184,2000,400,16,6.694977181s,3.214730119s,3.219672722s
1185,2000,400,16,6.677533947s,3.199675831s,3.282844625s
1186,2000,400,16,6.701068127s,3.235772637s,3.297396857s
1187,2000,400,16,6.682966544s,3.394835544s,3.330787793s
1188,2000,400,16,6.705646137s,3.276003149s,3.273130282s
1189,2000,400,16,6.663871888s,3.234356199s,3.301410331s
1190,2000,400,16,6.65881191s,3.291523288s,3.240200852s
1191,2000,400,16,6.752460556s,3.304658204s,3.439949855s
1192,2000,400,16,6.681571393s,3.255210682s,3.332270633s
1193,2000,400,16,6.680124784s,3.23609276s,3.280395671s
1194,2000,400,16,6.724544651s,3.193545797s,3.304770177s
1195,2000,400,16,6.67129455s,3.392095058s,3.334922591s
1196,2000,400,16,6.671485066s,3.35561359s,3.323902533s
1197,2000,400,16,6.66703763s,3.271130217s,3.301787083s
1198,2000,400,16,6.683330295s,3.265185201s,3.184220844s
1199,2000,400,16,6.69898193s,3.231240994s,3.343320496s
1200,2000,400,16,6.732845497s,3.331592432s,3.419912272s
